dataset,label,period,temporal_relation,evidence_scope,np_printed_roster_count,np_confirmed_canonical_count,np_identity_resolution_rate_pct,target_printed_roster_count,target_confirmed_canonical_count,target_identity_resolution_rate_pct,confirmed_overlap_count,unresolved_exact_name_possible_overlap_count,confirmed_np_share_of_target_confirmed_pct,confirmed_target_share_of_np_confirmed_pct,confirmed_lower_bound_share_of_target_printed_roster_pct,confirmed_lower_bound_share_of_np_printed_roster_pct,same_name_screening_ceiling_share_of_target_printed_roster_pct,same_name_screening_ceiling_share_of_np_printed_roster_pct
warhurst_protest_2019,2019 Warhurst protest,2019,within_np_archive_window,formal_public_action,151,64,42.38,203,105,51.72,28,3,26.67,43.75,13.79,18.54,15.27,20.53
a_faithful_pca_2021-06-11,A Faithful PCA / Looking Forward – Together (June 2021),2021-06-11,within_np_archive_window,public_coalition_action,151,64,42.38,561,163,29.06,46,4,28.22,71.88,8.2,30.46,8.91,33.11
overture_37_negative_votes_2021,2021 Overture 37 negative recorded votes,2021,within_np_archive_window,recorded_general_assembly_vote,151,64,42.38,207,117,56.52,21,3,17.95,32.81,10.14,13.91,11.59,15.89
a_faithful_pca_2022-03-14,A Faithful PCA cumulative signer snapshot (March 2022),2022-03-14,post_archive_snapshot_of_2021_action,cumulative_public_statement_snapshot,151,64,42.38,736,201,27.31,50,4,24.88,78.12,6.79,33.11,7.34,35.76
overture_15_negative_votes_2022,2022 Overture 15 negative recorded votes,2022,post_np_archive,recorded_general_assembly_vote,151,64,42.38,200,120,60.0,20,0,16.67,31.25,10.0,13.25,10.0,13.25
nae_withdrawal_protest_2022,2022 NAE-withdrawal protest,2022,post_np_archive,formal_public_action,151,64,42.38,203,85,41.87,10,0,11.76,15.62,4.93,6.62,4.93,6.62
garris_letter_1,Garris Letter 1,2024,post_np_archive,public_coalition_action,151,64,42.38,60,25,41.67,10,0,40.0,15.62,16.67,6.62,16.67,6.62
garris_letter_2,Garris Letter 2,2024,post_np_archive,public_coalition_action,151,64,42.38,21,21,100.0,0,0,0.0,0.0,0.0,0.0,0.0,0.0
amr_leadership_current,Alliance for Mission & Renewal current leadership,2026,post_np_archive,current_network_leadership,151,64,42.38,6,6,100.0,4,0,66.67,6.25,66.67,2.65,66.67,2.65
