dataset_a,dataset_b,roster_a_unique_printed_names,roster_b_unique_printed_names,confirmed_subset_a_count,confirmed_subset_b_count,confirmed_intersection_count,confirmed_union_count,jaccard_similarity,percent_of_confirmed_subset_a_in_b,percent_of_confirmed_subset_b_in_a,confirmed_lower_bound_percent_of_roster_a_in_b,confirmed_lower_bound_percent_of_roster_b_in_a,unresolved_possible_overlap_count
a_faithful_pca_2021-06-11,a_faithful_pca_2022-03-14,561,736,127,160,127,160,0.793750,100.00,79.38,22.64,17.26,433
a_faithful_pca_2021-06-11,amr_leadership_current,561,6,127,6,3,130,0.023077,2.36,50.00,0.53,50.00,0
a_faithful_pca_2021-06-11,amr_website_media_2023_2026,561,60,127,6,3,130,0.023077,2.36,50.00,0.53,5.00,10
a_faithful_pca_2021-06-11,amr_youtube_media_2023_2026,561,40,127,6,3,130,0.023077,2.36,50.00,0.53,7.50,5
a_faithful_pca_2021-06-11,formal_position_2008-overture-9-deaconess-study-minority-report,561,27,127,7,1,133,0.007519,0.79,14.29,0.18,3.70,1
a_faithful_pca_2021-06-11,formal_position_2008-rpr-women-scripture-reading-minority-report,561,8,127,0,0,127,0.000000,0.00,0.00,0.00,0.00,0
a_faithful_pca_2021-06-11,formal_position_2009-overture-10-women-roles-study-minority-report,561,34,127,10,3,134,0.022388,2.36,30.00,0.53,8.82,3
a_faithful_pca_2021-06-11,institution_cdm,561,30,127,0,0,127,0.000000,0.00,0.00,0.00,0.00,0
a_faithful_pca_2021-06-11,institution_covenant-college,561,48,127,0,0,127,0.000000,0.00,0.00,0.00,0.00,1
a_faithful_pca_2021-06-11,institution_covenant-theological-seminary,561,51,127,0,0,127,0.000000,0.00,0.00,0.00,0.00,6
a_faithful_pca_2021-06-11,institution_geneva-benefits,561,46,127,0,0,127,0.000000,0.00,0.00,0.00,0.00,0
a_faithful_pca_2021-06-11,institution_greenville-presbyterian-theological-seminary,561,29,127,0,0,127,0.000000,0.00,0.00,0.00,0.00,0
a_faithful_pca_2021-06-11,institution_mission-to-north-america,561,95,127,2,1,128,0.007812,0.79,50.00,0.18,1.05,4
a_faithful_pca_2021-06-11,institution_mission-to-the-world,561,10,127,1,1,127,0.007874,0.79,100.00,0.18,10.00,0
a_faithful_pca_2021-06-11,institution_pca-administrative-committee,561,19,127,0,0,127,0.000000,0.00,0.00,0.00,0.00,0
a_faithful_pca_2021-06-11,institution_pca-foundation,561,23,127,0,0,127,0.000000,0.00,0.00,0.00,0.00,1
a_faithful_pca_2021-06-11,institution_reformed-theological-seminary,561,46,127,1,0,128,0.000000,0.00,0.00,0.00,0.00,0
a_faithful_pca_2021-06-11,institution_reformed-university-fellowship,561,33,127,1,0,128,0.000000,0.00,0.00,0.00,0.00,0
a_faithful_pca_2021-06-11,institution_ridge-haven,561,17,127,1,1,127,0.007874,0.79,100.00,0.18,5.88,0
a_faithful_pca_2021-06-11,institution_westminster-seminary-california,561,21,127,0,0,127,0.000000,0.00,0.00,0.00,0.00,0
a_faithful_pca_2021-06-11,institution_westminster-theological-seminary,561,32,127,0,0,127,0.000000,0.00,0.00,0.00,0.00,0
a_faithful_pca_2021-06-11,nae_withdrawal_protest_2022,561,203,127,79,31,175,0.177143,24.41,39.24,5.53,15.27,7
a_faithful_pca_2021-06-11,national_partnership_confirmed_members,561,151,127,40,34,133,0.255639,26.77,85.00,6.06,22.52,16
a_faithful_pca_2021-06-11,overture_15_minority_2022,561,46,127,1,0,128,0.000000,0.00,0.00,0.00,0.00,0
a_faithful_pca_2021-06-11,overture_15_negative_votes_2022,561,199,127,101,50,178,0.280899,39.37,49.50,8.91,25.13,11
a_faithful_pca_2021-06-11,overture_37_minority_2021,561,28,127,15,11,131,0.083969,8.66,73.33,1.96,39.29,1
a_faithful_pca_2021-06-11,publication_co-laborers-co-heirs-2019,561,26,127,1,0,128,0.000000,0.00,0.00,0.00,0.00,2
a_faithful_pca_2021-06-11,publication_heal-us-emmanuel-2016,561,30,127,7,4,130,0.030769,3.15,57.14,0.71,13.33,7
a_faithful_pca_2021-06-11,publication_hear-us-emmanuel-2020,561,29,127,3,3,127,0.023622,2.36,100.00,0.53,10.34,4
a_faithful_pca_2021-06-11,ruf_campus_catalog_2025,561,414,127,8,5,130,0.038462,3.94,62.50,0.89,1.21,6
a_faithful_pca_2021-06-11,ruf_staff_transitions_2026,561,203,127,0,0,127,0.000000,0.00,0.00,0.00,0.00,0
a_faithful_pca_2021-06-11,warhurst_protest_2019,561,203,127,91,61,157,0.388535,48.03,67.03,10.87,30.05,10
a_faithful_pca_2022-03-14,amr_leadership_current,736,6,160,6,3,163,0.018405,1.88,50.00,0.41,50.00,0
a_faithful_pca_2022-03-14,amr_website_media_2023_2026,736,60,160,6,3,163,0.018405,1.88,50.00,0.41,5.00,10
a_faithful_pca_2022-03-14,amr_youtube_media_2023_2026,736,40,160,6,3,163,0.018405,1.88,50.00,0.41,7.50,5
a_faithful_pca_2022-03-14,formal_position_2008-overture-9-deaconess-study-minority-report,736,27,160,7,1,166,0.006024,0.62,14.29,0.14,3.70,1
a_faithful_pca_2022-03-14,formal_position_2008-rpr-women-scripture-reading-minority-report,736,8,160,0,0,160,0.000000,0.00,0.00,0.00,0.00,0
a_faithful_pca_2022-03-14,formal_position_2009-overture-10-women-roles-study-minority-report,736,34,160,10,3,167,0.017964,1.88,30.00,0.41,8.82,3
a_faithful_pca_2022-03-14,institution_cdm,736,30,160,0,0,160,0.000000,0.00,0.00,0.00,0.00,0
a_faithful_pca_2022-03-14,institution_covenant-college,736,48,160,0,0,160,0.000000,0.00,0.00,0.00,0.00,2
a_faithful_pca_2022-03-14,institution_covenant-theological-seminary,736,51,160,0,0,160,0.000000,0.00,0.00,0.00,0.00,7
a_faithful_pca_2022-03-14,institution_geneva-benefits,736,46,160,0,0,160,0.000000,0.00,0.00,0.00,0.00,0
a_faithful_pca_2022-03-14,institution_greenville-presbyterian-theological-seminary,736,29,160,0,0,160,0.000000,0.00,0.00,0.00,0.00,0
a_faithful_pca_2022-03-14,institution_mission-to-north-america,736,95,160,2,1,161,0.006211,0.62,50.00,0.14,1.05,4
a_faithful_pca_2022-03-14,institution_mission-to-the-world,736,10,160,1,1,160,0.006250,0.62,100.00,0.14,10.00,0
a_faithful_pca_2022-03-14,institution_pca-administrative-committee,736,19,160,0,0,160,0.000000,0.00,0.00,0.00,0.00,0
a_faithful_pca_2022-03-14,institution_pca-foundation,736,23,160,0,0,160,0.000000,0.00,0.00,0.00,0.00,1
a_faithful_pca_2022-03-14,institution_reformed-theological-seminary,736,46,160,1,0,161,0.000000,0.00,0.00,0.00,0.00,0
a_faithful_pca_2022-03-14,institution_reformed-university-fellowship,736,33,160,1,0,161,0.000000,0.00,0.00,0.00,0.00,0
a_faithful_pca_2022-03-14,institution_ridge-haven,736,17,160,1,1,160,0.006250,0.62,100.00,0.14,5.88,0
a_faithful_pca_2022-03-14,institution_westminster-seminary-california,736,21,160,0,0,160,0.000000,0.00,0.00,0.00,0.00,0
a_faithful_pca_2022-03-14,institution_westminster-theological-seminary,736,32,160,0,0,160,0.000000,0.00,0.00,0.00,0.00,0
a_faithful_pca_2022-03-14,nae_withdrawal_protest_2022,736,203,160,79,39,200,0.195000,24.38,49.37,5.30,19.21,9
a_faithful_pca_2022-03-14,national_partnership_confirmed_members,736,151,160,40,35,165,0.212121,21.88,87.50,4.76,23.18,19
a_faithful_pca_2022-03-14,overture_15_minority_2022,736,46,160,1,0,161,0.000000,0.00,0.00,0.00,0.00,0
a_faithful_pca_2022-03-14,overture_15_negative_votes_2022,736,199,160,101,59,202,0.292079,36.88,58.42,8.02,29.65,12
a_faithful_pca_2022-03-14,overture_37_minority_2021,736,28,160,15,13,162,0.080247,8.12,86.67,1.77,46.43,2
a_faithful_pca_2022-03-14,publication_co-laborers-co-heirs-2019,736,26,160,1,0,161,0.000000,0.00,0.00,0.00,0.00,2
a_faithful_pca_2022-03-14,publication_heal-us-emmanuel-2016,736,30,160,7,4,163,0.024540,2.50,57.14,0.54,13.33,8
a_faithful_pca_2022-03-14,publication_hear-us-emmanuel-2020,736,29,160,3,3,160,0.018750,1.88,100.00,0.41,10.34,5
a_faithful_pca_2022-03-14,ruf_campus_catalog_2025,736,414,160,8,8,160,0.050000,5.00,100.00,1.09,1.93,7
a_faithful_pca_2022-03-14,ruf_staff_transitions_2026,736,203,160,0,0,160,0.000000,0.00,0.00,0.00,0.00,1
a_faithful_pca_2022-03-14,warhurst_protest_2019,736,203,160,91,77,174,0.442529,48.12,84.62,10.46,37.93,10
amr_leadership_current,amr_website_media_2023_2026,6,60,6,6,6,6,1.000000,100.00,100.00,100.00,10.00,0
amr_leadership_current,amr_youtube_media_2023_2026,6,40,6,6,6,6,1.000000,100.00,100.00,100.00,15.00,0
amr_leadership_current,formal_position_2008-overture-9-deaconess-study-minority-report,6,27,6,7,0,13,0.000000,0.00,0.00,0.00,0.00,0
amr_leadership_current,formal_position_2008-rpr-women-scripture-reading-minority-report,6,8,6,0,0,6,0.000000,0.00,0.00,0.00,0.00,0
amr_leadership_current,formal_position_2009-overture-10-women-roles-study-minority-report,6,34,6,10,0,16,0.000000,0.00,0.00,0.00,0.00,0
amr_leadership_current,institution_cdm,6,30,6,0,0,6,0.000000,0.00,0.00,0.00,0.00,0
amr_leadership_current,institution_covenant-college,6,48,6,0,0,6,0.000000,0.00,0.00,0.00,0.00,0
amr_leadership_current,institution_covenant-theological-seminary,6,51,6,0,0,6,0.000000,0.00,0.00,0.00,0.00,0
amr_leadership_current,institution_geneva-benefits,6,46,6,0,0,6,0.000000,0.00,0.00,0.00,0.00,0
amr_leadership_current,institution_greenville-presbyterian-theological-seminary,6,29,6,0,0,6,0.000000,0.00,0.00,0.00,0.00,0
amr_leadership_current,institution_mission-to-north-america,6,95,6,2,0,8,0.000000,0.00,0.00,0.00,0.00,0
amr_leadership_current,institution_mission-to-the-world,6,10,6,1,0,7,0.000000,0.00,0.00,0.00,0.00,0
amr_leadership_current,institution_pca-administrative-committee,6,19,6,0,0,6,0.000000,0.00,0.00,0.00,0.00,0
amr_leadership_current,institution_pca-foundation,6,23,6,0,0,6,0.000000,0.00,0.00,0.00,0.00,0
amr_leadership_current,institution_reformed-theological-seminary,6,46,6,1,1,6,0.166667,16.67,100.00,16.67,2.17,0
amr_leadership_current,institution_reformed-university-fellowship,6,33,6,1,1,6,0.166667,16.67,100.00,16.67,3.03,0
amr_leadership_current,institution_ridge-haven,6,17,6,1,0,7,0.000000,0.00,0.00,0.00,0.00,0
amr_leadership_current,institution_westminster-seminary-california,6,21,6,0,0,6,0.000000,0.00,0.00,0.00,0.00,0
amr_leadership_current,institution_westminster-theological-seminary,6,32,6,0,0,6,0.000000,0.00,0.00,0.00,0.00,0
amr_leadership_current,nae_withdrawal_protest_2022,6,203,6,79,0,85,0.000000,0.00,0.00,0.00,0.00,0
amr_leadership_current,national_partnership_confirmed_members,6,151,6,40,4,42,0.095238,66.67,10.00,66.67,2.65,0
amr_leadership_current,overture_15_minority_2022,6,46,6,1,0,7,0.000000,0.00,0.00,0.00,0.00,0
amr_leadership_current,overture_15_negative_votes_2022,6,199,6,101,2,105,0.019048,33.33,1.98,33.33,1.01,0
amr_leadership_current,overture_37_minority_2021,6,28,6,15,2,19,0.105263,33.33,13.33,33.33,7.14,0
amr_leadership_current,publication_co-laborers-co-heirs-2019,6,26,6,1,1,6,0.166667,16.67,100.00,16.67,3.85,0
amr_leadership_current,publication_heal-us-emmanuel-2016,6,30,6,7,3,10,0.300000,50.00,42.86,50.00,10.00,0
amr_leadership_current,publication_hear-us-emmanuel-2020,6,29,6,3,0,9,0.000000,0.00,0.00,0.00,0.00,0
amr_leadership_current,ruf_campus_catalog_2025,6,414,6,8,0,14,0.000000,0.00,0.00,0.00,0.00,0
amr_leadership_current,ruf_staff_transitions_2026,6,203,6,0,0,6,0.000000,0.00,0.00,0.00,0.00,0
amr_leadership_current,warhurst_protest_2019,6,203,6,91,1,96,0.010417,16.67,1.10,16.67,0.49,0
amr_website_media_2023_2026,amr_youtube_media_2023_2026,60,40,6,6,6,6,1.000000,100.00,100.00,10.00,15.00,14
amr_website_media_2023_2026,formal_position_2008-overture-9-deaconess-study-minority-report,60,27,6,7,0,13,0.000000,0.00,0.00,0.00,0.00,0
amr_website_media_2023_2026,formal_position_2008-rpr-women-scripture-reading-minority-report,60,8,6,0,0,6,0.000000,0.00,0.00,0.00,0.00,0
amr_website_media_2023_2026,formal_position_2009-overture-10-women-roles-study-minority-report,60,34,6,10,0,16,0.000000,0.00,0.00,0.00,0.00,1
amr_website_media_2023_2026,institution_cdm,60,30,6,0,0,6,0.000000,0.00,0.00,0.00,0.00,2
amr_website_media_2023_2026,institution_covenant-college,60,48,6,0,0,6,0.000000,0.00,0.00,0.00,0.00,1
amr_website_media_2023_2026,institution_covenant-theological-seminary,60,51,6,0,0,6,0.000000,0.00,0.00,0.00,0.00,1
amr_website_media_2023_2026,institution_geneva-benefits,60,46,6,0,0,6,0.000000,0.00,0.00,0.00,0.00,0
amr_website_media_2023_2026,institution_greenville-presbyterian-theological-seminary,60,29,6,0,0,6,0.000000,0.00,0.00,0.00,0.00,0
amr_website_media_2023_2026,institution_mission-to-north-america,60,95,6,2,0,8,0.000000,0.00,0.00,0.00,0.00,3
amr_website_media_2023_2026,institution_mission-to-the-world,60,10,6,1,0,7,0.000000,0.00,0.00,0.00,0.00,1
amr_website_media_2023_2026,institution_pca-administrative-committee,60,19,6,0,0,6,0.000000,0.00,0.00,0.00,0.00,0
amr_website_media_2023_2026,institution_pca-foundation,60,23,6,0,0,6,0.000000,0.00,0.00,0.00,0.00,0
amr_website_media_2023_2026,institution_reformed-theological-seminary,60,46,6,1,1,6,0.166667,16.67,100.00,1.67,2.17,0
amr_website_media_2023_2026,institution_reformed-university-fellowship,60,33,6,1,1,6,0.166667,16.67,100.00,1.67,3.03,1
amr_website_media_2023_2026,institution_ridge-haven,60,17,6,1,0,7,0.000000,0.00,0.00,0.00,0.00,0
amr_website_media_2023_2026,institution_westminster-seminary-california,60,21,6,0,0,6,0.000000,0.00,0.00,0.00,0.00,0
amr_website_media_2023_2026,institution_westminster-theological-seminary,60,32,6,0,0,6,0.000000,0.00,0.00,0.00,0.00,0
amr_website_media_2023_2026,nae_withdrawal_protest_2022,60,203,6,79,0,85,0.000000,0.00,0.00,0.00,0.00,5
amr_website_media_2023_2026,national_partnership_confirmed_members,60,151,6,40,4,42,0.095238,66.67,10.00,6.67,2.65,8
amr_website_media_2023_2026,overture_15_minority_2022,60,46,6,1,0,7,0.000000,0.00,0.00,0.00,0.00,0
amr_website_media_2023_2026,overture_15_negative_votes_2022,60,199,6,101,2,105,0.019048,33.33,1.98,3.33,1.01,6
amr_website_media_2023_2026,overture_37_minority_2021,60,28,6,15,2,19,0.105263,33.33,13.33,3.33,7.14,2
amr_website_media_2023_2026,publication_co-laborers-co-heirs-2019,60,26,6,1,1,6,0.166667,16.67,100.00,1.67,3.85,0
amr_website_media_2023_2026,publication_heal-us-emmanuel-2016,60,30,6,7,3,10,0.300000,50.00,42.86,5.00,10.00,5
amr_website_media_2023_2026,publication_hear-us-emmanuel-2020,60,29,6,3,0,9,0.000000,0.00,0.00,0.00,0.00,2
amr_website_media_2023_2026,ruf_campus_catalog_2025,60,414,6,8,0,14,0.000000,0.00,0.00,0.00,0.00,4
amr_website_media_2023_2026,ruf_staff_transitions_2026,60,203,6,0,0,6,0.000000,0.00,0.00,0.00,0.00,2
amr_website_media_2023_2026,warhurst_protest_2019,60,203,6,91,1,96,0.010417,16.67,1.10,1.67,0.49,5
amr_youtube_media_2023_2026,formal_position_2008-overture-9-deaconess-study-minority-report,40,27,6,7,0,13,0.000000,0.00,0.00,0.00,0.00,0
amr_youtube_media_2023_2026,formal_position_2008-rpr-women-scripture-reading-minority-report,40,8,6,0,0,6,0.000000,0.00,0.00,0.00,0.00,0
amr_youtube_media_2023_2026,formal_position_2009-overture-10-women-roles-study-minority-report,40,34,6,10,0,16,0.000000,0.00,0.00,0.00,0.00,0
amr_youtube_media_2023_2026,institution_cdm,40,30,6,0,0,6,0.000000,0.00,0.00,0.00,0.00,1
amr_youtube_media_2023_2026,institution_covenant-college,40,48,6,0,0,6,0.000000,0.00,0.00,0.00,0.00,0
amr_youtube_media_2023_2026,institution_covenant-theological-seminary,40,51,6,0,0,6,0.000000,0.00,0.00,0.00,0.00,0
amr_youtube_media_2023_2026,institution_geneva-benefits,40,46,6,0,0,6,0.000000,0.00,0.00,0.00,0.00,0
amr_youtube_media_2023_2026,institution_greenville-presbyterian-theological-seminary,40,29,6,0,0,6,0.000000,0.00,0.00,0.00,0.00,0
amr_youtube_media_2023_2026,institution_mission-to-north-america,40,95,6,2,0,8,0.000000,0.00,0.00,0.00,0.00,0
amr_youtube_media_2023_2026,institution_mission-to-the-world,40,10,6,1,0,7,0.000000,0.00,0.00,0.00,0.00,0
amr_youtube_media_2023_2026,institution_pca-administrative-committee,40,19,6,0,0,6,0.000000,0.00,0.00,0.00,0.00,1
amr_youtube_media_2023_2026,institution_pca-foundation,40,23,6,0,0,6,0.000000,0.00,0.00,0.00,0.00,0
amr_youtube_media_2023_2026,institution_reformed-theological-seminary,40,46,6,1,1,6,0.166667,16.67,100.00,2.50,2.17,0
amr_youtube_media_2023_2026,institution_reformed-university-fellowship,40,33,6,1,1,6,0.166667,16.67,100.00,2.50,3.03,0
amr_youtube_media_2023_2026,institution_ridge-haven,40,17,6,1,0,7,0.000000,0.00,0.00,0.00,0.00,0
amr_youtube_media_2023_2026,institution_westminster-seminary-california,40,21,6,0,0,6,0.000000,0.00,0.00,0.00,0.00,0
amr_youtube_media_2023_2026,institution_westminster-theological-seminary,40,32,6,0,0,6,0.000000,0.00,0.00,0.00,0.00,0
amr_youtube_media_2023_2026,nae_withdrawal_protest_2022,40,203,6,79,0,85,0.000000,0.00,0.00,0.00,0.00,0
amr_youtube_media_2023_2026,national_partnership_confirmed_members,40,151,6,40,4,42,0.095238,66.67,10.00,10.00,2.65,3
amr_youtube_media_2023_2026,overture_15_minority_2022,40,46,6,1,0,7,0.000000,0.00,0.00,0.00,0.00,0
amr_youtube_media_2023_2026,overture_15_negative_votes_2022,40,199,6,101,2,105,0.019048,33.33,1.98,5.00,1.01,2
amr_youtube_media_2023_2026,overture_37_minority_2021,40,28,6,15,2,19,0.105263,33.33,13.33,5.00,7.14,2
amr_youtube_media_2023_2026,publication_co-laborers-co-heirs-2019,40,26,6,1,1,6,0.166667,16.67,100.00,2.50,3.85,0
amr_youtube_media_2023_2026,publication_heal-us-emmanuel-2016,40,30,6,7,3,10,0.300000,50.00,42.86,7.50,10.00,1
amr_youtube_media_2023_2026,publication_hear-us-emmanuel-2020,40,29,6,3,0,9,0.000000,0.00,0.00,0.00,0.00,0
amr_youtube_media_2023_2026,ruf_campus_catalog_2025,40,414,6,8,0,14,0.000000,0.00,0.00,0.00,0.00,1
amr_youtube_media_2023_2026,ruf_staff_transitions_2026,40,203,6,0,0,6,0.000000,0.00,0.00,0.00,0.00,1
amr_youtube_media_2023_2026,warhurst_protest_2019,40,203,6,91,1,96,0.010417,16.67,1.10,2.50,0.49,1
formal_position_2008-overture-9-deaconess-study-minority-report,formal_position_2008-rpr-women-scripture-reading-minority-report,27,8,7,0,0,7,0.000000,0.00,0.00,0.00,0.00,0
formal_position_2008-overture-9-deaconess-study-minority-report,formal_position_2009-overture-10-women-roles-study-minority-report,27,34,7,10,6,11,0.545455,85.71,60.00,22.22,17.65,0
formal_position_2008-overture-9-deaconess-study-minority-report,institution_cdm,27,30,7,0,0,7,0.000000,0.00,0.00,0.00,0.00,0
formal_position_2008-overture-9-deaconess-study-minority-report,institution_covenant-college,27,48,7,0,0,7,0.000000,0.00,0.00,0.00,0.00,0
formal_position_2008-overture-9-deaconess-study-minority-report,institution_covenant-theological-seminary,27,51,7,0,0,7,0.000000,0.00,0.00,0.00,0.00,1
formal_position_2008-overture-9-deaconess-study-minority-report,institution_geneva-benefits,27,46,7,0,0,7,0.000000,0.00,0.00,0.00,0.00,0
formal_position_2008-overture-9-deaconess-study-minority-report,institution_greenville-presbyterian-theological-seminary,27,29,7,0,0,7,0.000000,0.00,0.00,0.00,0.00,0
formal_position_2008-overture-9-deaconess-study-minority-report,institution_mission-to-north-america,27,95,7,2,0,9,0.000000,0.00,0.00,0.00,0.00,0
formal_position_2008-overture-9-deaconess-study-minority-report,institution_mission-to-the-world,27,10,7,1,0,8,0.000000,0.00,0.00,0.00,0.00,0
formal_position_2008-overture-9-deaconess-study-minority-report,institution_pca-administrative-committee,27,19,7,0,0,7,0.000000,0.00,0.00,0.00,0.00,2
formal_position_2008-overture-9-deaconess-study-minority-report,institution_pca-foundation,27,23,7,0,0,7,0.000000,0.00,0.00,0.00,0.00,0
formal_position_2008-overture-9-deaconess-study-minority-report,institution_reformed-theological-seminary,27,46,7,1,0,8,0.000000,0.00,0.00,0.00,0.00,0
formal_position_2008-overture-9-deaconess-study-minority-report,institution_reformed-university-fellowship,27,33,7,1,0,8,0.000000,0.00,0.00,0.00,0.00,0
formal_position_2008-overture-9-deaconess-study-minority-report,institution_ridge-haven,27,17,7,1,0,8,0.000000,0.00,0.00,0.00,0.00,0
formal_position_2008-overture-9-deaconess-study-minority-report,institution_westminster-seminary-california,27,21,7,0,0,7,0.000000,0.00,0.00,0.00,0.00,0
formal_position_2008-overture-9-deaconess-study-minority-report,institution_westminster-theological-seminary,27,32,7,0,0,7,0.000000,0.00,0.00,0.00,0.00,0
formal_position_2008-overture-9-deaconess-study-minority-report,nae_withdrawal_protest_2022,27,203,7,79,1,85,0.011765,14.29,1.27,3.70,0.49,0
formal_position_2008-overture-9-deaconess-study-minority-report,national_partnership_confirmed_members,27,151,7,40,0,47,0.000000,0.00,0.00,0.00,0.00,3
formal_position_2008-overture-9-deaconess-study-minority-report,overture_15_minority_2022,27,46,7,1,0,8,0.000000,0.00,0.00,0.00,0.00,0
formal_position_2008-overture-9-deaconess-study-minority-report,overture_15_negative_votes_2022,27,199,7,101,2,106,0.018868,28.57,1.98,7.41,1.01,1
formal_position_2008-overture-9-deaconess-study-minority-report,overture_37_minority_2021,27,28,7,15,1,21,0.047619,14.29,6.67,3.70,3.57,0
formal_position_2008-overture-9-deaconess-study-minority-report,publication_co-laborers-co-heirs-2019,27,26,7,1,0,8,0.000000,0.00,0.00,0.00,0.00,0
formal_position_2008-overture-9-deaconess-study-minority-report,publication_heal-us-emmanuel-2016,27,30,7,7,0,14,0.000000,0.00,0.00,0.00,0.00,0
formal_position_2008-overture-9-deaconess-study-minority-report,publication_hear-us-emmanuel-2020,27,29,7,3,0,10,0.000000,0.00,0.00,0.00,0.00,0
formal_position_2008-overture-9-deaconess-study-minority-report,ruf_campus_catalog_2025,27,414,7,8,0,15,0.000000,0.00,0.00,0.00,0.00,1
formal_position_2008-overture-9-deaconess-study-minority-report,ruf_staff_transitions_2026,27,203,7,0,0,7,0.000000,0.00,0.00,0.00,0.00,1
formal_position_2008-overture-9-deaconess-study-minority-report,warhurst_protest_2019,27,203,7,91,2,96,0.020833,28.57,2.20,7.41,0.99,0
formal_position_2008-rpr-women-scripture-reading-minority-report,formal_position_2009-overture-10-women-roles-study-minority-report,8,34,0,10,0,10,0.000000,0.00,0.00,0.00,0.00,0
formal_position_2008-rpr-women-scripture-reading-minority-report,institution_cdm,8,30,0,0,0,0,0.000000,0.00,0.00,0.00,0.00,0
formal_position_2008-rpr-women-scripture-reading-minority-report,institution_covenant-college,8,48,0,0,0,0,0.000000,0.00,0.00,0.00,0.00,0
formal_position_2008-rpr-women-scripture-reading-minority-report,institution_covenant-theological-seminary,8,51,0,0,0,0,0.000000,0.00,0.00,0.00,0.00,0
formal_position_2008-rpr-women-scripture-reading-minority-report,institution_geneva-benefits,8,46,0,0,0,0,0.000000,0.00,0.00,0.00,0.00,0
formal_position_2008-rpr-women-scripture-reading-minority-report,institution_greenville-presbyterian-theological-seminary,8,29,0,0,0,0,0.000000,0.00,0.00,0.00,0.00,0
formal_position_2008-rpr-women-scripture-reading-minority-report,institution_mission-to-north-america,8,95,0,2,0,2,0.000000,0.00,0.00,0.00,0.00,0
formal_position_2008-rpr-women-scripture-reading-minority-report,institution_mission-to-the-world,8,10,0,1,0,1,0.000000,0.00,0.00,0.00,0.00,0
formal_position_2008-rpr-women-scripture-reading-minority-report,institution_pca-administrative-committee,8,19,0,0,0,0,0.000000,0.00,0.00,0.00,0.00,0
formal_position_2008-rpr-women-scripture-reading-minority-report,institution_pca-foundation,8,23,0,0,0,0,0.000000,0.00,0.00,0.00,0.00,0
formal_position_2008-rpr-women-scripture-reading-minority-report,institution_reformed-theological-seminary,8,46,0,1,0,1,0.000000,0.00,0.00,0.00,0.00,0
formal_position_2008-rpr-women-scripture-reading-minority-report,institution_reformed-university-fellowship,8,33,0,1,0,1,0.000000,0.00,0.00,0.00,0.00,0
formal_position_2008-rpr-women-scripture-reading-minority-report,institution_ridge-haven,8,17,0,1,0,1,0.000000,0.00,0.00,0.00,0.00,0
formal_position_2008-rpr-women-scripture-reading-minority-report,institution_westminster-seminary-california,8,21,0,0,0,0,0.000000,0.00,0.00,0.00,0.00,0
formal_position_2008-rpr-women-scripture-reading-minority-report,institution_westminster-theological-seminary,8,32,0,0,0,0,0.000000,0.00,0.00,0.00,0.00,0
formal_position_2008-rpr-women-scripture-reading-minority-report,nae_withdrawal_protest_2022,8,203,0,79,0,79,0.000000,0.00,0.00,0.00,0.00,0
formal_position_2008-rpr-women-scripture-reading-minority-report,national_partnership_confirmed_members,8,151,0,40,0,40,0.000000,0.00,0.00,0.00,0.00,0
formal_position_2008-rpr-women-scripture-reading-minority-report,overture_15_minority_2022,8,46,0,1,0,1,0.000000,0.00,0.00,0.00,0.00,0
formal_position_2008-rpr-women-scripture-reading-minority-report,overture_15_negative_votes_2022,8,199,0,101,0,101,0.000000,0.00,0.00,0.00,0.00,0
formal_position_2008-rpr-women-scripture-reading-minority-report,overture_37_minority_2021,8,28,0,15,0,15,0.000000,0.00,0.00,0.00,0.00,0
formal_position_2008-rpr-women-scripture-reading-minority-report,publication_co-laborers-co-heirs-2019,8,26,0,1,0,1,0.000000,0.00,0.00,0.00,0.00,0
formal_position_2008-rpr-women-scripture-reading-minority-report,publication_heal-us-emmanuel-2016,8,30,0,7,0,7,0.000000,0.00,0.00,0.00,0.00,0
formal_position_2008-rpr-women-scripture-reading-minority-report,publication_hear-us-emmanuel-2020,8,29,0,3,0,3,0.000000,0.00,0.00,0.00,0.00,0
formal_position_2008-rpr-women-scripture-reading-minority-report,ruf_campus_catalog_2025,8,414,0,8,0,8,0.000000,0.00,0.00,0.00,0.00,0
formal_position_2008-rpr-women-scripture-reading-minority-report,ruf_staff_transitions_2026,8,203,0,0,0,0,0.000000,0.00,0.00,0.00,0.00,0
formal_position_2008-rpr-women-scripture-reading-minority-report,warhurst_protest_2019,8,203,0,91,0,91,0.000000,0.00,0.00,0.00,0.00,0
formal_position_2009-overture-10-women-roles-study-minority-report,institution_cdm,34,30,10,0,0,10,0.000000,0.00,0.00,0.00,0.00,0
formal_position_2009-overture-10-women-roles-study-minority-report,institution_covenant-college,34,48,10,0,0,10,0.000000,0.00,0.00,0.00,0.00,0
formal_position_2009-overture-10-women-roles-study-minority-report,institution_covenant-theological-seminary,34,51,10,0,0,10,0.000000,0.00,0.00,0.00,0.00,1
formal_position_2009-overture-10-women-roles-study-minority-report,institution_geneva-benefits,34,46,10,0,0,10,0.000000,0.00,0.00,0.00,0.00,0
formal_position_2009-overture-10-women-roles-study-minority-report,institution_greenville-presbyterian-theological-seminary,34,29,10,0,0,10,0.000000,0.00,0.00,0.00,0.00,0
formal_position_2009-overture-10-women-roles-study-minority-report,institution_mission-to-north-america,34,95,10,2,0,12,0.000000,0.00,0.00,0.00,0.00,1
formal_position_2009-overture-10-women-roles-study-minority-report,institution_mission-to-the-world,34,10,10,1,0,11,0.000000,0.00,0.00,0.00,0.00,0
formal_position_2009-overture-10-women-roles-study-minority-report,institution_pca-administrative-committee,34,19,10,0,0,10,0.000000,0.00,0.00,0.00,0.00,0
formal_position_2009-overture-10-women-roles-study-minority-report,institution_pca-foundation,34,23,10,0,0,10,0.000000,0.00,0.00,0.00,0.00,0
formal_position_2009-overture-10-women-roles-study-minority-report,institution_reformed-theological-seminary,34,46,10,1,0,11,0.000000,0.00,0.00,0.00,0.00,0
formal_position_2009-overture-10-women-roles-study-minority-report,institution_reformed-university-fellowship,34,33,10,1,0,11,0.000000,0.00,0.00,0.00,0.00,0
formal_position_2009-overture-10-women-roles-study-minority-report,institution_ridge-haven,34,17,10,1,0,11,0.000000,0.00,0.00,0.00,0.00,0
formal_position_2009-overture-10-women-roles-study-minority-report,institution_westminster-seminary-california,34,21,10,0,0,10,0.000000,0.00,0.00,0.00,0.00,0
formal_position_2009-overture-10-women-roles-study-minority-report,institution_westminster-theological-seminary,34,32,10,0,0,10,0.000000,0.00,0.00,0.00,0.00,0
formal_position_2009-overture-10-women-roles-study-minority-report,nae_withdrawal_protest_2022,34,203,10,79,1,88,0.011364,10.00,1.27,2.94,0.49,0
formal_position_2009-overture-10-women-roles-study-minority-report,national_partnership_confirmed_members,34,151,10,40,3,47,0.063830,30.00,7.50,8.82,1.99,6
formal_position_2009-overture-10-women-roles-study-minority-report,overture_15_minority_2022,34,46,10,1,1,10,0.100000,10.00,100.00,2.94,2.17,0
formal_position_2009-overture-10-women-roles-study-minority-report,overture_15_negative_votes_2022,34,199,10,101,2,109,0.018349,20.00,1.98,5.88,1.01,1
formal_position_2009-overture-10-women-roles-study-minority-report,overture_37_minority_2021,34,28,10,15,1,24,0.041667,10.00,6.67,2.94,3.57,0
formal_position_2009-overture-10-women-roles-study-minority-report,publication_co-laborers-co-heirs-2019,34,26,10,1,0,11,0.000000,0.00,0.00,0.00,0.00,0
formal_position_2009-overture-10-women-roles-study-minority-report,publication_heal-us-emmanuel-2016,34,30,10,7,0,17,0.000000,0.00,0.00,0.00,0.00,2
formal_position_2009-overture-10-women-roles-study-minority-report,publication_hear-us-emmanuel-2020,34,29,10,3,0,13,0.000000,0.00,0.00,0.00,0.00,0
formal_position_2009-overture-10-women-roles-study-minority-report,ruf_campus_catalog_2025,34,414,10,8,1,17,0.058824,10.00,12.50,2.94,0.24,0
formal_position_2009-overture-10-women-roles-study-minority-report,ruf_staff_transitions_2026,34,203,10,0,0,10,0.000000,0.00,0.00,0.00,0.00,0
formal_position_2009-overture-10-women-roles-study-minority-report,warhurst_protest_2019,34,203,10,91,2,99,0.020202,20.00,2.20,5.88,0.99,0
institution_cdm,institution_covenant-college,30,48,0,0,0,0,0.000000,0.00,0.00,0.00,0.00,1
institution_cdm,institution_covenant-theological-seminary,30,51,0,0,0,0,0.000000,0.00,0.00,0.00,0.00,0
institution_cdm,institution_geneva-benefits,30,46,0,0,0,0,0.000000,0.00,0.00,0.00,0.00,0
institution_cdm,institution_greenville-presbyterian-theological-seminary,30,29,0,0,0,0,0.000000,0.00,0.00,0.00,0.00,0
institution_cdm,institution_mission-to-north-america,30,95,0,2,0,2,0.000000,0.00,0.00,0.00,0.00,0
institution_cdm,institution_mission-to-the-world,30,10,0,1,0,1,0.000000,0.00,0.00,0.00,0.00,0
institution_cdm,institution_pca-administrative-committee,30,19,0,0,0,0,0.000000,0.00,0.00,0.00,0.00,0
institution_cdm,institution_pca-foundation,30,23,0,0,0,0,0.000000,0.00,0.00,0.00,0.00,0
institution_cdm,institution_reformed-theological-seminary,30,46,0,1,0,1,0.000000,0.00,0.00,0.00,0.00,0
institution_cdm,institution_reformed-university-fellowship,30,33,0,1,0,1,0.000000,0.00,0.00,0.00,0.00,0
institution_cdm,institution_ridge-haven,30,17,0,1,0,1,0.000000,0.00,0.00,0.00,0.00,0
institution_cdm,institution_westminster-seminary-california,30,21,0,0,0,0,0.000000,0.00,0.00,0.00,0.00,0
institution_cdm,institution_westminster-theological-seminary,30,32,0,0,0,0,0.000000,0.00,0.00,0.00,0.00,0
institution_cdm,nae_withdrawal_protest_2022,30,203,0,79,0,79,0.000000,0.00,0.00,0.00,0.00,1
institution_cdm,national_partnership_confirmed_members,30,151,0,40,0,40,0.000000,0.00,0.00,0.00,0.00,0
institution_cdm,overture_15_minority_2022,30,46,0,1,0,1,0.000000,0.00,0.00,0.00,0.00,0
institution_cdm,overture_15_negative_votes_2022,30,199,0,101,0,101,0.000000,0.00,0.00,0.00,0.00,0
institution_cdm,overture_37_minority_2021,30,28,0,15,0,15,0.000000,0.00,0.00,0.00,0.00,0
institution_cdm,publication_co-laborers-co-heirs-2019,30,26,0,1,0,1,0.000000,0.00,0.00,0.00,0.00,0
institution_cdm,publication_heal-us-emmanuel-2016,30,30,0,7,0,7,0.000000,0.00,0.00,0.00,0.00,0
institution_cdm,publication_hear-us-emmanuel-2020,30,29,0,3,0,3,0.000000,0.00,0.00,0.00,0.00,0
institution_cdm,ruf_campus_catalog_2025,30,414,0,8,0,8,0.000000,0.00,0.00,0.00,0.00,0
institution_cdm,ruf_staff_transitions_2026,30,203,0,0,0,0,0.000000,0.00,0.00,0.00,0.00,0
institution_cdm,warhurst_protest_2019,30,203,0,91,0,91,0.000000,0.00,0.00,0.00,0.00,0
institution_covenant-college,institution_covenant-theological-seminary,48,51,0,0,0,0,0.000000,0.00,0.00,0.00,0.00,1
institution_covenant-college,institution_geneva-benefits,48,46,0,0,0,0,0.000000,0.00,0.00,0.00,0.00,0
institution_covenant-college,institution_greenville-presbyterian-theological-seminary,48,29,0,0,0,0,0.000000,0.00,0.00,0.00,0.00,0
institution_covenant-college,institution_mission-to-north-america,48,95,0,2,0,2,0.000000,0.00,0.00,0.00,0.00,0
institution_covenant-college,institution_mission-to-the-world,48,10,0,1,0,1,0.000000,0.00,0.00,0.00,0.00,0
institution_covenant-college,institution_pca-administrative-committee,48,19,0,0,0,0,0.000000,0.00,0.00,0.00,0.00,0
institution_covenant-college,institution_pca-foundation,48,23,0,0,0,0,0.000000,0.00,0.00,0.00,0.00,0
institution_covenant-college,institution_reformed-theological-seminary,48,46,0,1,0,1,0.000000,0.00,0.00,0.00,0.00,0
institution_covenant-college,institution_reformed-university-fellowship,48,33,0,1,0,1,0.000000,0.00,0.00,0.00,0.00,0
institution_covenant-college,institution_ridge-haven,48,17,0,1,0,1,0.000000,0.00,0.00,0.00,0.00,0
institution_covenant-college,institution_westminster-seminary-california,48,21,0,0,0,0,0.000000,0.00,0.00,0.00,0.00,0
institution_covenant-college,institution_westminster-theological-seminary,48,32,0,0,0,0,0.000000,0.00,0.00,0.00,0.00,0
institution_covenant-college,nae_withdrawal_protest_2022,48,203,0,79,0,79,0.000000,0.00,0.00,0.00,0.00,2
institution_covenant-college,national_partnership_confirmed_members,48,151,0,40,0,40,0.000000,0.00,0.00,0.00,0.00,1
institution_covenant-college,overture_15_minority_2022,48,46,0,1,0,1,0.000000,0.00,0.00,0.00,0.00,0
institution_covenant-college,overture_15_negative_votes_2022,48,199,0,101,0,101,0.000000,0.00,0.00,0.00,0.00,0
institution_covenant-college,overture_37_minority_2021,48,28,0,15,0,15,0.000000,0.00,0.00,0.00,0.00,0
institution_covenant-college,publication_co-laborers-co-heirs-2019,48,26,0,1,0,1,0.000000,0.00,0.00,0.00,0.00,0
institution_covenant-college,publication_heal-us-emmanuel-2016,48,30,0,7,0,7,0.000000,0.00,0.00,0.00,0.00,0
institution_covenant-college,publication_hear-us-emmanuel-2020,48,29,0,3,0,3,0.000000,0.00,0.00,0.00,0.00,1
institution_covenant-college,ruf_campus_catalog_2025,48,414,0,8,0,8,0.000000,0.00,0.00,0.00,0.00,0
institution_covenant-college,ruf_staff_transitions_2026,48,203,0,0,0,0,0.000000,0.00,0.00,0.00,0.00,0
institution_covenant-college,warhurst_protest_2019,48,203,0,91,0,91,0.000000,0.00,0.00,0.00,0.00,1
institution_covenant-theological-seminary,institution_geneva-benefits,51,46,0,0,0,0,0.000000,0.00,0.00,0.00,0.00,0
institution_covenant-theological-seminary,institution_greenville-presbyterian-theological-seminary,51,29,0,0,0,0,0.000000,0.00,0.00,0.00,0.00,0
institution_covenant-theological-seminary,institution_mission-to-north-america,51,95,0,2,0,2,0.000000,0.00,0.00,0.00,0.00,1
institution_covenant-theological-seminary,institution_mission-to-the-world,51,10,0,1,0,1,0.000000,0.00,0.00,0.00,0.00,0
institution_covenant-theological-seminary,institution_pca-administrative-committee,51,19,0,0,0,0,0.000000,0.00,0.00,0.00,0.00,0
institution_covenant-theological-seminary,institution_pca-foundation,51,23,0,0,0,0,0.000000,0.00,0.00,0.00,0.00,0
institution_covenant-theological-seminary,institution_reformed-theological-seminary,51,46,0,1,0,1,0.000000,0.00,0.00,0.00,0.00,0
institution_covenant-theological-seminary,institution_reformed-university-fellowship,51,33,0,1,0,1,0.000000,0.00,0.00,0.00,0.00,0
institution_covenant-theological-seminary,institution_ridge-haven,51,17,0,1,0,1,0.000000,0.00,0.00,0.00,0.00,0
institution_covenant-theological-seminary,institution_westminster-seminary-california,51,21,0,0,0,0,0.000000,0.00,0.00,0.00,0.00,0
institution_covenant-theological-seminary,institution_westminster-theological-seminary,51,32,0,0,0,0,0.000000,0.00,0.00,0.00,0.00,0
institution_covenant-theological-seminary,nae_withdrawal_protest_2022,51,203,0,79,0,79,0.000000,0.00,0.00,0.00,0.00,3
institution_covenant-theological-seminary,national_partnership_confirmed_members,51,151,0,40,0,40,0.000000,0.00,0.00,0.00,0.00,2
institution_covenant-theological-seminary,overture_15_minority_2022,51,46,0,1,0,1,0.000000,0.00,0.00,0.00,0.00,0
institution_covenant-theological-seminary,overture_15_negative_votes_2022,51,199,0,101,0,101,0.000000,0.00,0.00,0.00,0.00,0
institution_covenant-theological-seminary,overture_37_minority_2021,51,28,0,15,0,15,0.000000,0.00,0.00,0.00,0.00,0
institution_covenant-theological-seminary,publication_co-laborers-co-heirs-2019,51,26,0,1,0,1,0.000000,0.00,0.00,0.00,0.00,0
institution_covenant-theological-seminary,publication_heal-us-emmanuel-2016,51,30,0,7,0,7,0.000000,0.00,0.00,0.00,0.00,0
institution_covenant-theological-seminary,publication_hear-us-emmanuel-2020,51,29,0,3,0,3,0.000000,0.00,0.00,0.00,0.00,0
institution_covenant-theological-seminary,ruf_campus_catalog_2025,51,414,0,8,0,8,0.000000,0.00,0.00,0.00,0.00,0
institution_covenant-theological-seminary,ruf_staff_transitions_2026,51,203,0,0,0,0,0.000000,0.00,0.00,0.00,0.00,0
institution_covenant-theological-seminary,warhurst_protest_2019,51,203,0,91,0,91,0.000000,0.00,0.00,0.00,0.00,2
institution_geneva-benefits,institution_greenville-presbyterian-theological-seminary,46,29,0,0,0,0,0.000000,0.00,0.00,0.00,0.00,0
institution_geneva-benefits,institution_mission-to-north-america,46,95,0,2,0,2,0.000000,0.00,0.00,0.00,0.00,0
institution_geneva-benefits,institution_mission-to-the-world,46,10,0,1,0,1,0.000000,0.00,0.00,0.00,0.00,0
institution_geneva-benefits,institution_pca-administrative-committee,46,19,0,0,0,0,0.000000,0.00,0.00,0.00,0.00,0
institution_geneva-benefits,institution_pca-foundation,46,23,0,0,0,0,0.000000,0.00,0.00,0.00,0.00,0
institution_geneva-benefits,institution_reformed-theological-seminary,46,46,0,1,0,1,0.000000,0.00,0.00,0.00,0.00,0
institution_geneva-benefits,institution_reformed-university-fellowship,46,33,0,1,0,1,0.000000,0.00,0.00,0.00,0.00,0
institution_geneva-benefits,institution_ridge-haven,46,17,0,1,0,1,0.000000,0.00,0.00,0.00,0.00,0
institution_geneva-benefits,institution_westminster-seminary-california,46,21,0,0,0,0,0.000000,0.00,0.00,0.00,0.00,0
institution_geneva-benefits,institution_westminster-theological-seminary,46,32,0,0,0,0,0.000000,0.00,0.00,0.00,0.00,0
institution_geneva-benefits,nae_withdrawal_protest_2022,46,203,0,79,0,79,0.000000,0.00,0.00,0.00,0.00,1
institution_geneva-benefits,national_partnership_confirmed_members,46,151,0,40,0,40,0.000000,0.00,0.00,0.00,0.00,1
institution_geneva-benefits,overture_15_minority_2022,46,46,0,1,0,1,0.000000,0.00,0.00,0.00,0.00,0
institution_geneva-benefits,overture_15_negative_votes_2022,46,199,0,101,0,101,0.000000,0.00,0.00,0.00,0.00,1
institution_geneva-benefits,overture_37_minority_2021,46,28,0,15,0,15,0.000000,0.00,0.00,0.00,0.00,0
institution_geneva-benefits,publication_co-laborers-co-heirs-2019,46,26,0,1,0,1,0.000000,0.00,0.00,0.00,0.00,0
institution_geneva-benefits,publication_heal-us-emmanuel-2016,46,30,0,7,0,7,0.000000,0.00,0.00,0.00,0.00,0
institution_geneva-benefits,publication_hear-us-emmanuel-2020,46,29,0,3,0,3,0.000000,0.00,0.00,0.00,0.00,0
institution_geneva-benefits,ruf_campus_catalog_2025,46,414,0,8,0,8,0.000000,0.00,0.00,0.00,0.00,0
institution_geneva-benefits,ruf_staff_transitions_2026,46,203,0,0,0,0,0.000000,0.00,0.00,0.00,0.00,0
institution_geneva-benefits,warhurst_protest_2019,46,203,0,91,0,91,0.000000,0.00,0.00,0.00,0.00,0
institution_greenville-presbyterian-theological-seminary,institution_mission-to-north-america,29,95,0,2,0,2,0.000000,0.00,0.00,0.00,0.00,0
institution_greenville-presbyterian-theological-seminary,institution_mission-to-the-world,29,10,0,1,0,1,0.000000,0.00,0.00,0.00,0.00,0
institution_greenville-presbyterian-theological-seminary,institution_pca-administrative-committee,29,19,0,0,0,0,0.000000,0.00,0.00,0.00,0.00,0
institution_greenville-presbyterian-theological-seminary,institution_pca-foundation,29,23,0,0,0,0,0.000000,0.00,0.00,0.00,0.00,0
institution_greenville-presbyterian-theological-seminary,institution_reformed-theological-seminary,29,46,0,1,0,1,0.000000,0.00,0.00,0.00,0.00,0
institution_greenville-presbyterian-theological-seminary,institution_reformed-university-fellowship,29,33,0,1,0,1,0.000000,0.00,0.00,0.00,0.00,0
institution_greenville-presbyterian-theological-seminary,institution_ridge-haven,29,17,0,1,0,1,0.000000,0.00,0.00,0.00,0.00,0
institution_greenville-presbyterian-theological-seminary,institution_westminster-seminary-california,29,21,0,0,0,0,0.000000,0.00,0.00,0.00,0.00,0
institution_greenville-presbyterian-theological-seminary,institution_westminster-theological-seminary,29,32,0,0,0,0,0.000000,0.00,0.00,0.00,0.00,0
institution_greenville-presbyterian-theological-seminary,nae_withdrawal_protest_2022,29,203,0,79,0,79,0.000000,0.00,0.00,0.00,0.00,0
institution_greenville-presbyterian-theological-seminary,national_partnership_confirmed_members,29,151,0,40,0,40,0.000000,0.00,0.00,0.00,0.00,0
institution_greenville-presbyterian-theological-seminary,overture_15_minority_2022,29,46,0,1,0,1,0.000000,0.00,0.00,0.00,0.00,1
institution_greenville-presbyterian-theological-seminary,overture_15_negative_votes_2022,29,199,0,101,0,101,0.000000,0.00,0.00,0.00,0.00,0
institution_greenville-presbyterian-theological-seminary,overture_37_minority_2021,29,28,0,15,0,15,0.000000,0.00,0.00,0.00,0.00,0
institution_greenville-presbyterian-theological-seminary,publication_co-laborers-co-heirs-2019,29,26,0,1,0,1,0.000000,0.00,0.00,0.00,0.00,0
institution_greenville-presbyterian-theological-seminary,publication_heal-us-emmanuel-2016,29,30,0,7,0,7,0.000000,0.00,0.00,0.00,0.00,0
institution_greenville-presbyterian-theological-seminary,publication_hear-us-emmanuel-2020,29,29,0,3,0,3,0.000000,0.00,0.00,0.00,0.00,0
institution_greenville-presbyterian-theological-seminary,ruf_campus_catalog_2025,29,414,0,8,0,8,0.000000,0.00,0.00,0.00,0.00,0
institution_greenville-presbyterian-theological-seminary,ruf_staff_transitions_2026,29,203,0,0,0,0,0.000000,0.00,0.00,0.00,0.00,0
institution_greenville-presbyterian-theological-seminary,warhurst_protest_2019,29,203,0,91,0,91,0.000000,0.00,0.00,0.00,0.00,0
institution_mission-to-north-america,institution_mission-to-the-world,95,10,2,1,0,3,0.000000,0.00,0.00,0.00,0.00,0
institution_mission-to-north-america,institution_pca-administrative-committee,95,19,2,0,0,2,0.000000,0.00,0.00,0.00,0.00,0
institution_mission-to-north-america,institution_pca-foundation,95,23,2,0,0,2,0.000000,0.00,0.00,0.00,0.00,0
institution_mission-to-north-america,institution_reformed-theological-seminary,95,46,2,1,0,3,0.000000,0.00,0.00,0.00,0.00,0
institution_mission-to-north-america,institution_reformed-university-fellowship,95,33,2,1,0,3,0.000000,0.00,0.00,0.00,0.00,0
institution_mission-to-north-america,institution_ridge-haven,95,17,2,1,0,3,0.000000,0.00,0.00,0.00,0.00,0
institution_mission-to-north-america,institution_westminster-seminary-california,95,21,2,0,0,2,0.000000,0.00,0.00,0.00,0.00,0
institution_mission-to-north-america,institution_westminster-theological-seminary,95,32,2,0,0,2,0.000000,0.00,0.00,0.00,0.00,0
institution_mission-to-north-america,nae_withdrawal_protest_2022,95,203,2,79,1,80,0.012500,50.00,1.27,1.05,0.49,2
institution_mission-to-north-america,national_partnership_confirmed_members,95,151,2,40,0,42,0.000000,0.00,0.00,0.00,0.00,1
institution_mission-to-north-america,overture_15_minority_2022,95,46,2,1,0,3,0.000000,0.00,0.00,0.00,0.00,1
institution_mission-to-north-america,overture_15_negative_votes_2022,95,199,2,101,1,102,0.009804,50.00,0.99,1.05,0.50,1
institution_mission-to-north-america,overture_37_minority_2021,95,28,2,15,1,16,0.062500,50.00,6.67,1.05,3.57,0
institution_mission-to-north-america,publication_co-laborers-co-heirs-2019,95,26,2,1,0,3,0.000000,0.00,0.00,0.00,0.00,0
institution_mission-to-north-america,publication_heal-us-emmanuel-2016,95,30,2,7,0,9,0.000000,0.00,0.00,0.00,0.00,1
institution_mission-to-north-america,publication_hear-us-emmanuel-2020,95,29,2,3,0,5,0.000000,0.00,0.00,0.00,0.00,0
institution_mission-to-north-america,ruf_campus_catalog_2025,95,414,2,8,0,10,0.000000,0.00,0.00,0.00,0.00,0
institution_mission-to-north-america,ruf_staff_transitions_2026,95,203,2,0,0,2,0.000000,0.00,0.00,0.00,0.00,0
institution_mission-to-north-america,warhurst_protest_2019,95,203,2,91,2,91,0.021978,100.00,2.20,2.11,0.99,1
institution_mission-to-the-world,institution_pca-administrative-committee,10,19,1,0,0,1,0.000000,0.00,0.00,0.00,0.00,0
institution_mission-to-the-world,institution_pca-foundation,10,23,1,0,0,1,0.000000,0.00,0.00,0.00,0.00,0
institution_mission-to-the-world,institution_reformed-theological-seminary,10,46,1,1,0,2,0.000000,0.00,0.00,0.00,0.00,0
institution_mission-to-the-world,institution_reformed-university-fellowship,10,33,1,1,0,2,0.000000,0.00,0.00,0.00,0.00,0
institution_mission-to-the-world,institution_ridge-haven,10,17,1,1,0,2,0.000000,0.00,0.00,0.00,0.00,0
institution_mission-to-the-world,institution_westminster-seminary-california,10,21,1,0,0,1,0.000000,0.00,0.00,0.00,0.00,0
institution_mission-to-the-world,institution_westminster-theological-seminary,10,32,1,0,0,1,0.000000,0.00,0.00,0.00,0.00,0
institution_mission-to-the-world,nae_withdrawal_protest_2022,10,203,1,79,0,80,0.000000,0.00,0.00,0.00,0.00,0
institution_mission-to-the-world,national_partnership_confirmed_members,10,151,1,40,0,41,0.000000,0.00,0.00,0.00,0.00,1
institution_mission-to-the-world,overture_15_minority_2022,10,46,1,1,0,2,0.000000,0.00,0.00,0.00,0.00,0
institution_mission-to-the-world,overture_15_negative_votes_2022,10,199,1,101,0,102,0.000000,0.00,0.00,0.00,0.00,0
institution_mission-to-the-world,overture_37_minority_2021,10,28,1,15,0,16,0.000000,0.00,0.00,0.00,0.00,0
institution_mission-to-the-world,publication_co-laborers-co-heirs-2019,10,26,1,1,0,2,0.000000,0.00,0.00,0.00,0.00,0
institution_mission-to-the-world,publication_heal-us-emmanuel-2016,10,30,1,7,0,8,0.000000,0.00,0.00,0.00,0.00,0
institution_mission-to-the-world,publication_hear-us-emmanuel-2020,10,29,1,3,0,4,0.000000,0.00,0.00,0.00,0.00,0
institution_mission-to-the-world,ruf_campus_catalog_2025,10,414,1,8,0,9,0.000000,0.00,0.00,0.00,0.00,0
institution_mission-to-the-world,ruf_staff_transitions_2026,10,203,1,0,0,1,0.000000,0.00,0.00,0.00,0.00,0
institution_mission-to-the-world,warhurst_protest_2019,10,203,1,91,0,92,0.000000,0.00,0.00,0.00,0.00,0
institution_pca-administrative-committee,institution_pca-foundation,19,23,0,0,0,0,0.000000,0.00,0.00,0.00,0.00,0
institution_pca-administrative-committee,institution_reformed-theological-seminary,19,46,0,1,0,1,0.000000,0.00,0.00,0.00,0.00,0
institution_pca-administrative-committee,institution_reformed-university-fellowship,19,33,0,1,0,1,0.000000,0.00,0.00,0.00,0.00,0
institution_pca-administrative-committee,institution_ridge-haven,19,17,0,1,0,1,0.000000,0.00,0.00,0.00,0.00,0
institution_pca-administrative-committee,institution_westminster-seminary-california,19,21,0,0,0,0,0.000000,0.00,0.00,0.00,0.00,0
institution_pca-administrative-committee,institution_westminster-theological-seminary,19,32,0,0,0,0,0.000000,0.00,0.00,0.00,0.00,0
institution_pca-administrative-committee,nae_withdrawal_protest_2022,19,203,0,79,0,79,0.000000,0.00,0.00,0.00,0.00,0
institution_pca-administrative-committee,national_partnership_confirmed_members,19,151,0,40,0,40,0.000000,0.00,0.00,0.00,0.00,0
institution_pca-administrative-committee,overture_15_minority_2022,19,46,0,1,0,1,0.000000,0.00,0.00,0.00,0.00,0
institution_pca-administrative-committee,overture_15_negative_votes_2022,19,199,0,101,0,101,0.000000,0.00,0.00,0.00,0.00,0
institution_pca-administrative-committee,overture_37_minority_2021,19,28,0,15,0,15,0.000000,0.00,0.00,0.00,0.00,0
institution_pca-administrative-committee,publication_co-laborers-co-heirs-2019,19,26,0,1,0,1,0.000000,0.00,0.00,0.00,0.00,0
institution_pca-administrative-committee,publication_heal-us-emmanuel-2016,19,30,0,7,0,7,0.000000,0.00,0.00,0.00,0.00,0
institution_pca-administrative-committee,publication_hear-us-emmanuel-2020,19,29,0,3,0,3,0.000000,0.00,0.00,0.00,0.00,0
institution_pca-administrative-committee,ruf_campus_catalog_2025,19,414,0,8,0,8,0.000000,0.00,0.00,0.00,0.00,1
institution_pca-administrative-committee,ruf_staff_transitions_2026,19,203,0,0,0,0,0.000000,0.00,0.00,0.00,0.00,1
institution_pca-administrative-committee,warhurst_protest_2019,19,203,0,91,0,91,0.000000,0.00,0.00,0.00,0.00,0
institution_pca-foundation,institution_reformed-theological-seminary,23,46,0,1,0,1,0.000000,0.00,0.00,0.00,0.00,0
institution_pca-foundation,institution_reformed-university-fellowship,23,33,0,1,0,1,0.000000,0.00,0.00,0.00,0.00,0
institution_pca-foundation,institution_ridge-haven,23,17,0,1,0,1,0.000000,0.00,0.00,0.00,0.00,0
institution_pca-foundation,institution_westminster-seminary-california,23,21,0,0,0,0,0.000000,0.00,0.00,0.00,0.00,0
institution_pca-foundation,institution_westminster-theological-seminary,23,32,0,0,0,0,0.000000,0.00,0.00,0.00,0.00,0
institution_pca-foundation,nae_withdrawal_protest_2022,23,203,0,79,0,79,0.000000,0.00,0.00,0.00,0.00,0
institution_pca-foundation,national_partnership_confirmed_members,23,151,0,40,0,40,0.000000,0.00,0.00,0.00,0.00,0
institution_pca-foundation,overture_15_minority_2022,23,46,0,1,0,1,0.000000,0.00,0.00,0.00,0.00,0
institution_pca-foundation,overture_15_negative_votes_2022,23,199,0,101,0,101,0.000000,0.00,0.00,0.00,0.00,0
institution_pca-foundation,overture_37_minority_2021,23,28,0,15,0,15,0.000000,0.00,0.00,0.00,0.00,0
institution_pca-foundation,publication_co-laborers-co-heirs-2019,23,26,0,1,0,1,0.000000,0.00,0.00,0.00,0.00,0
institution_pca-foundation,publication_heal-us-emmanuel-2016,23,30,0,7,0,7,0.000000,0.00,0.00,0.00,0.00,0
institution_pca-foundation,publication_hear-us-emmanuel-2020,23,29,0,3,0,3,0.000000,0.00,0.00,0.00,0.00,0
institution_pca-foundation,ruf_campus_catalog_2025,23,414,0,8,0,8,0.000000,0.00,0.00,0.00,0.00,1
institution_pca-foundation,ruf_staff_transitions_2026,23,203,0,0,0,0,0.000000,0.00,0.00,0.00,0.00,0
institution_pca-foundation,warhurst_protest_2019,23,203,0,91,0,91,0.000000,0.00,0.00,0.00,0.00,0
institution_reformed-theological-seminary,institution_reformed-university-fellowship,46,33,1,1,0,2,0.000000,0.00,0.00,0.00,0.00,0
institution_reformed-theological-seminary,institution_ridge-haven,46,17,1,1,0,2,0.000000,0.00,0.00,0.00,0.00,0
institution_reformed-theological-seminary,institution_westminster-seminary-california,46,21,1,0,0,1,0.000000,0.00,0.00,0.00,0.00,0
institution_reformed-theological-seminary,institution_westminster-theological-seminary,46,32,1,0,0,1,0.000000,0.00,0.00,0.00,0.00,0
institution_reformed-theological-seminary,nae_withdrawal_protest_2022,46,203,1,79,0,80,0.000000,0.00,0.00,0.00,0.00,0
institution_reformed-theological-seminary,national_partnership_confirmed_members,46,151,1,40,1,40,0.025000,100.00,2.50,2.17,0.66,0
institution_reformed-theological-seminary,overture_15_minority_2022,46,46,1,1,0,2,0.000000,0.00,0.00,0.00,0.00,0
institution_reformed-theological-seminary,overture_15_negative_votes_2022,46,199,1,101,0,102,0.000000,0.00,0.00,0.00,0.00,0
institution_reformed-theological-seminary,overture_37_minority_2021,46,28,1,15,0,16,0.000000,0.00,0.00,0.00,0.00,0
institution_reformed-theological-seminary,publication_co-laborers-co-heirs-2019,46,26,1,1,1,1,1.000000,100.00,100.00,2.17,3.85,0
institution_reformed-theological-seminary,publication_heal-us-emmanuel-2016,46,30,1,7,1,7,0.142857,100.00,14.29,2.17,3.33,0
institution_reformed-theological-seminary,publication_hear-us-emmanuel-2020,46,29,1,3,0,4,0.000000,0.00,0.00,0.00,0.00,0
institution_reformed-theological-seminary,ruf_campus_catalog_2025,46,414,1,8,0,9,0.000000,0.00,0.00,0.00,0.00,0
institution_reformed-theological-seminary,ruf_staff_transitions_2026,46,203,1,0,0,1,0.000000,0.00,0.00,0.00,0.00,0
institution_reformed-theological-seminary,warhurst_protest_2019,46,203,1,91,0,92,0.000000,0.00,0.00,0.00,0.00,0
institution_reformed-university-fellowship,institution_ridge-haven,33,17,1,1,0,2,0.000000,0.00,0.00,0.00,0.00,0
institution_reformed-university-fellowship,institution_westminster-seminary-california,33,21,1,0,0,1,0.000000,0.00,0.00,0.00,0.00,0
institution_reformed-university-fellowship,institution_westminster-theological-seminary,33,32,1,0,0,1,0.000000,0.00,0.00,0.00,0.00,0
institution_reformed-university-fellowship,nae_withdrawal_protest_2022,33,203,1,79,0,80,0.000000,0.00,0.00,0.00,0.00,0
institution_reformed-university-fellowship,national_partnership_confirmed_members,33,151,1,40,0,41,0.000000,0.00,0.00,0.00,0.00,0
institution_reformed-university-fellowship,overture_15_minority_2022,33,46,1,1,0,2,0.000000,0.00,0.00,0.00,0.00,0
institution_reformed-university-fellowship,overture_15_negative_votes_2022,33,199,1,101,0,102,0.000000,0.00,0.00,0.00,0.00,0
institution_reformed-university-fellowship,overture_37_minority_2021,33,28,1,15,0,16,0.000000,0.00,0.00,0.00,0.00,0
institution_reformed-university-fellowship,publication_co-laborers-co-heirs-2019,33,26,1,1,0,2,0.000000,0.00,0.00,0.00,0.00,0
institution_reformed-university-fellowship,publication_heal-us-emmanuel-2016,33,30,1,7,1,7,0.142857,100.00,14.29,3.03,3.33,0
institution_reformed-university-fellowship,publication_hear-us-emmanuel-2020,33,29,1,3,0,4,0.000000,0.00,0.00,0.00,0.00,0
institution_reformed-university-fellowship,ruf_campus_catalog_2025,33,414,1,8,0,9,0.000000,0.00,0.00,0.00,0.00,7
institution_reformed-university-fellowship,ruf_staff_transitions_2026,33,203,1,0,0,1,0.000000,0.00,0.00,0.00,0.00,23
institution_reformed-university-fellowship,warhurst_protest_2019,33,203,1,91,0,92,0.000000,0.00,0.00,0.00,0.00,0
institution_ridge-haven,institution_westminster-seminary-california,17,21,1,0,0,1,0.000000,0.00,0.00,0.00,0.00,0
institution_ridge-haven,institution_westminster-theological-seminary,17,32,1,0,0,1,0.000000,0.00,0.00,0.00,0.00,0
institution_ridge-haven,nae_withdrawal_protest_2022,17,203,1,79,0,80,0.000000,0.00,0.00,0.00,0.00,0
institution_ridge-haven,national_partnership_confirmed_members,17,151,1,40,0,41,0.000000,0.00,0.00,0.00,0.00,0
institution_ridge-haven,overture_15_minority_2022,17,46,1,1,0,2,0.000000,0.00,0.00,0.00,0.00,0
institution_ridge-haven,overture_15_negative_votes_2022,17,199,1,101,0,102,0.000000,0.00,0.00,0.00,0.00,0
institution_ridge-haven,overture_37_minority_2021,17,28,1,15,0,16,0.000000,0.00,0.00,0.00,0.00,0
institution_ridge-haven,publication_co-laborers-co-heirs-2019,17,26,1,1,0,2,0.000000,0.00,0.00,0.00,0.00,0
institution_ridge-haven,publication_heal-us-emmanuel-2016,17,30,1,7,0,8,0.000000,0.00,0.00,0.00,0.00,0
institution_ridge-haven,publication_hear-us-emmanuel-2020,17,29,1,3,0,4,0.000000,0.00,0.00,0.00,0.00,0
institution_ridge-haven,ruf_campus_catalog_2025,17,414,1,8,0,9,0.000000,0.00,0.00,0.00,0.00,0
institution_ridge-haven,ruf_staff_transitions_2026,17,203,1,0,0,1,0.000000,0.00,0.00,0.00,0.00,0
institution_ridge-haven,warhurst_protest_2019,17,203,1,91,0,92,0.000000,0.00,0.00,0.00,0.00,0
institution_westminster-seminary-california,institution_westminster-theological-seminary,21,32,0,0,0,0,0.000000,0.00,0.00,0.00,0.00,0
institution_westminster-seminary-california,nae_withdrawal_protest_2022,21,203,0,79,0,79,0.000000,0.00,0.00,0.00,0.00,0
institution_westminster-seminary-california,national_partnership_confirmed_members,21,151,0,40,0,40,0.000000,0.00,0.00,0.00,0.00,0
institution_westminster-seminary-california,overture_15_minority_2022,21,46,0,1,0,1,0.000000,0.00,0.00,0.00,0.00,0
institution_westminster-seminary-california,overture_15_negative_votes_2022,21,199,0,101,0,101,0.000000,0.00,0.00,0.00,0.00,0
institution_westminster-seminary-california,overture_37_minority_2021,21,28,0,15,0,15,0.000000,0.00,0.00,0.00,0.00,0
institution_westminster-seminary-california,publication_co-laborers-co-heirs-2019,21,26,0,1,0,1,0.000000,0.00,0.00,0.00,0.00,0
institution_westminster-seminary-california,publication_heal-us-emmanuel-2016,21,30,0,7,0,7,0.000000,0.00,0.00,0.00,0.00,0
institution_westminster-seminary-california,publication_hear-us-emmanuel-2020,21,29,0,3,0,3,0.000000,0.00,0.00,0.00,0.00,0
institution_westminster-seminary-california,ruf_campus_catalog_2025,21,414,0,8,0,8,0.000000,0.00,0.00,0.00,0.00,0
institution_westminster-seminary-california,ruf_staff_transitions_2026,21,203,0,0,0,0,0.000000,0.00,0.00,0.00,0.00,0
institution_westminster-seminary-california,warhurst_protest_2019,21,203,0,91,0,91,0.000000,0.00,0.00,0.00,0.00,0
institution_westminster-theological-seminary,nae_withdrawal_protest_2022,32,203,0,79,0,79,0.000000,0.00,0.00,0.00,0.00,0
institution_westminster-theological-seminary,national_partnership_confirmed_members,32,151,0,40,0,40,0.000000,0.00,0.00,0.00,0.00,0
institution_westminster-theological-seminary,overture_15_minority_2022,32,46,0,1,0,1,0.000000,0.00,0.00,0.00,0.00,0
institution_westminster-theological-seminary,overture_15_negative_votes_2022,32,199,0,101,0,101,0.000000,0.00,0.00,0.00,0.00,0
institution_westminster-theological-seminary,overture_37_minority_2021,32,28,0,15,0,15,0.000000,0.00,0.00,0.00,0.00,0
institution_westminster-theological-seminary,publication_co-laborers-co-heirs-2019,32,26,0,1,0,1,0.000000,0.00,0.00,0.00,0.00,0
institution_westminster-theological-seminary,publication_heal-us-emmanuel-2016,32,30,0,7,0,7,0.000000,0.00,0.00,0.00,0.00,0
institution_westminster-theological-seminary,publication_hear-us-emmanuel-2020,32,29,0,3,0,3,0.000000,0.00,0.00,0.00,0.00,0
institution_westminster-theological-seminary,ruf_campus_catalog_2025,32,414,0,8,0,8,0.000000,0.00,0.00,0.00,0.00,0
institution_westminster-theological-seminary,ruf_staff_transitions_2026,32,203,0,0,0,0,0.000000,0.00,0.00,0.00,0.00,0
institution_westminster-theological-seminary,warhurst_protest_2019,32,203,0,91,0,91,0.000000,0.00,0.00,0.00,0.00,1
nae_withdrawal_protest_2022,national_partnership_confirmed_members,203,151,79,40,4,115,0.034783,5.06,10.00,1.97,2.65,6
nae_withdrawal_protest_2022,overture_15_minority_2022,203,46,79,1,0,80,0.000000,0.00,0.00,0.00,0.00,0
nae_withdrawal_protest_2022,overture_15_negative_votes_2022,203,199,79,101,53,127,0.417323,67.09,52.48,26.11,26.63,15
nae_withdrawal_protest_2022,overture_37_minority_2021,203,28,79,15,2,92,0.021739,2.53,13.33,0.99,7.14,1
nae_withdrawal_protest_2022,publication_co-laborers-co-heirs-2019,203,26,79,1,0,80,0.000000,0.00,0.00,0.00,0.00,2
nae_withdrawal_protest_2022,publication_heal-us-emmanuel-2016,203,30,79,7,0,86,0.000000,0.00,0.00,0.00,0.00,3
nae_withdrawal_protest_2022,publication_hear-us-emmanuel-2020,203,29,79,3,0,82,0.000000,0.00,0.00,0.00,0.00,0
nae_withdrawal_protest_2022,ruf_campus_catalog_2025,203,414,79,8,0,87,0.000000,0.00,0.00,0.00,0.00,3
nae_withdrawal_protest_2022,ruf_staff_transitions_2026,203,203,79,0,0,79,0.000000,0.00,0.00,0.00,0.00,1
nae_withdrawal_protest_2022,warhurst_protest_2019,203,203,79,91,23,147,0.156463,29.11,25.27,11.33,11.33,6
national_partnership_confirmed_members,overture_15_minority_2022,151,46,40,1,0,41,0.000000,0.00,0.00,0.00,0.00,0
national_partnership_confirmed_members,overture_15_negative_votes_2022,151,199,40,101,8,133,0.060150,20.00,7.92,5.30,4.02,12
national_partnership_confirmed_members,overture_37_minority_2021,151,28,40,15,1,54,0.018519,2.50,6.67,0.66,3.57,6
national_partnership_confirmed_members,publication_co-laborers-co-heirs-2019,151,26,40,1,1,40,0.025000,2.50,100.00,0.66,3.85,1
national_partnership_confirmed_members,publication_heal-us-emmanuel-2016,151,30,40,7,4,43,0.093023,10.00,57.14,2.65,13.33,5
national_partnership_confirmed_members,publication_hear-us-emmanuel-2020,151,29,40,3,1,42,0.023810,2.50,33.33,0.66,3.45,1
national_partnership_confirmed_members,ruf_campus_catalog_2025,151,414,40,8,1,47,0.021277,2.50,12.50,0.66,0.24,0
national_partnership_confirmed_members,ruf_staff_transitions_2026,151,203,40,0,0,40,0.000000,0.00,0.00,0.00,0.00,0
national_partnership_confirmed_members,warhurst_protest_2019,151,203,40,91,17,114,0.149123,42.50,18.68,11.26,8.37,14
overture_15_minority_2022,overture_15_negative_votes_2022,46,199,1,101,0,102,0.000000,0.00,0.00,0.00,0.00,0
overture_15_minority_2022,overture_37_minority_2021,46,28,1,15,0,16,0.000000,0.00,0.00,0.00,0.00,0
overture_15_minority_2022,publication_co-laborers-co-heirs-2019,46,26,1,1,0,2,0.000000,0.00,0.00,0.00,0.00,0
overture_15_minority_2022,publication_heal-us-emmanuel-2016,46,30,1,7,0,8,0.000000,0.00,0.00,0.00,0.00,0
overture_15_minority_2022,publication_hear-us-emmanuel-2020,46,29,1,3,0,4,0.000000,0.00,0.00,0.00,0.00,0
overture_15_minority_2022,ruf_campus_catalog_2025,46,414,1,8,0,9,0.000000,0.00,0.00,0.00,0.00,0
overture_15_minority_2022,ruf_staff_transitions_2026,46,203,1,0,0,1,0.000000,0.00,0.00,0.00,0.00,0
overture_15_minority_2022,warhurst_protest_2019,46,203,1,91,0,92,0.000000,0.00,0.00,0.00,0.00,0
overture_15_negative_votes_2022,overture_37_minority_2021,199,28,101,15,6,110,0.054545,5.94,40.00,3.02,21.43,3
overture_15_negative_votes_2022,publication_co-laborers-co-heirs-2019,199,26,101,1,0,102,0.000000,0.00,0.00,0.00,0.00,2
overture_15_negative_votes_2022,publication_heal-us-emmanuel-2016,199,30,101,7,2,106,0.018868,1.98,28.57,1.01,6.67,5
overture_15_negative_votes_2022,publication_hear-us-emmanuel-2020,199,29,101,3,1,103,0.009709,0.99,33.33,0.50,3.45,2
overture_15_negative_votes_2022,ruf_campus_catalog_2025,199,414,101,8,2,107,0.018692,1.98,25.00,1.01,0.48,7
overture_15_negative_votes_2022,ruf_staff_transitions_2026,199,203,101,0,0,101,0.000000,0.00,0.00,0.00,0.00,0
overture_15_negative_votes_2022,warhurst_protest_2019,199,203,101,91,30,162,0.185185,29.70,32.97,15.08,14.78,13
overture_37_minority_2021,publication_co-laborers-co-heirs-2019,28,26,15,1,0,16,0.000000,0.00,0.00,0.00,0.00,0
overture_37_minority_2021,publication_heal-us-emmanuel-2016,28,30,15,7,0,22,0.000000,0.00,0.00,0.00,0.00,0
overture_37_minority_2021,publication_hear-us-emmanuel-2020,28,29,15,3,0,18,0.000000,0.00,0.00,0.00,0.00,0
overture_37_minority_2021,ruf_campus_catalog_2025,28,414,15,8,0,23,0.000000,0.00,0.00,0.00,0.00,2
overture_37_minority_2021,ruf_staff_transitions_2026,28,203,15,0,0,15,0.000000,0.00,0.00,0.00,0.00,0
overture_37_minority_2021,warhurst_protest_2019,28,203,15,91,7,99,0.070707,46.67,7.69,25.00,3.45,4
publication_co-laborers-co-heirs-2019,publication_heal-us-emmanuel-2016,26,30,1,7,1,7,0.142857,100.00,14.29,3.85,3.33,2
publication_co-laborers-co-heirs-2019,publication_hear-us-emmanuel-2020,26,29,1,3,0,4,0.000000,0.00,0.00,0.00,0.00,3
publication_co-laborers-co-heirs-2019,ruf_campus_catalog_2025,26,414,1,8,0,9,0.000000,0.00,0.00,0.00,0.00,0
publication_co-laborers-co-heirs-2019,ruf_staff_transitions_2026,26,203,1,0,0,1,0.000000,0.00,0.00,0.00,0.00,0
publication_co-laborers-co-heirs-2019,warhurst_protest_2019,26,203,1,91,0,92,0.000000,0.00,0.00,0.00,0.00,2
publication_heal-us-emmanuel-2016,publication_hear-us-emmanuel-2020,30,29,7,3,3,7,0.428571,42.86,100.00,10.00,10.34,1
publication_heal-us-emmanuel-2016,ruf_campus_catalog_2025,30,414,7,8,0,15,0.000000,0.00,0.00,0.00,0.00,1
publication_heal-us-emmanuel-2016,ruf_staff_transitions_2026,30,203,7,0,0,7,0.000000,0.00,0.00,0.00,0.00,0
publication_heal-us-emmanuel-2016,warhurst_protest_2019,30,203,7,91,2,96,0.020833,28.57,2.20,6.67,0.99,5
publication_hear-us-emmanuel-2020,ruf_campus_catalog_2025,29,414,3,8,0,11,0.000000,0.00,0.00,0.00,0.00,0
publication_hear-us-emmanuel-2020,ruf_staff_transitions_2026,29,203,3,0,0,3,0.000000,0.00,0.00,0.00,0.00,0
publication_hear-us-emmanuel-2020,warhurst_protest_2019,29,203,3,91,2,92,0.021739,66.67,2.20,6.90,0.99,1
ruf_campus_catalog_2025,ruf_staff_transitions_2026,414,203,8,0,0,8,0.000000,0.00,0.00,0.00,0.00,70
ruf_campus_catalog_2025,warhurst_protest_2019,414,203,8,91,0,99,0.000000,0.00,0.00,0.00,0.00,2
ruf_staff_transitions_2026,warhurst_protest_2019,203,203,0,91,0,91,0.000000,0.00,0.00,0.00,0.00,1
